Workbook

Sheet Rover
C1: Hari | D1: IGRF | E1: Baseline | F1: Tanggal | G1: Inklinasi | H1: Deklinasi | I1: Koreksi Inklinasi
C2: 1 | D2: 44936 | E2: 45092.7 | F2: 45913 | G2: -31.67262 | H2: 0.77712 | I2: =-90-G2 -> -58.32738 | U2: PENGOLAHAN
A4: NO | B4: Nama Titik | C4: Posisi | F4: Waktu | G4: Pembacaan PPM | L4: H Obs (nT) | M4: Base (nT) | N4: Variasi Harian (nT) | O4: Terkoreksi VarHan | P4: Anomali Magnet Total (nT)
C5: Easting (x) | D5: Northing (Y) | E5: Elevation (Z) | G5: 1 | H5: 2 | I5: 3 | J5: 4 | K5: 5
A6: =ROW()-5 -> 1 | B6: A1 | C6: 406371 | D6: 9134060 | E6: 88 | F6: 0.29652778 | G6: 45233.3 | H6: 45233.3 | I6: 45243.1 | J6: 45238.2 | K6: 45250.5 | L6: =AVERAGE(G6:K6) -> 45239.68 | M6: =VLOOKUP(F6, Base!$A$3:$B$578, 2,TRUE) -> 45093.24 | N6: =M6-45092.7 -> 0.53958698 | O6: =L6-N6 -> 45239.14 | P6: =O6-44936 -> 303.14041
A7: =ROW()-5 -> 2 | B7: A2 | C7: 406127 | D7: 9134092 | E7: 82 | F7: 0.31138889 | G7: 45191.8 | H7: 45204.5 | I7: 45206.5 | J7: 45210 | K7: 45213.1 | L7: =AVERAGE(G7:K7) -> 45205.18 | M7: =VLOOKUP(F7, Base!$A$3:$B$578, 2,TRUE) -> 45097.362 | N7: =M7-45092.7 -> 4.6617622 | O7: =L7-N7 -> 45200.518 | P7: =O7-44936 -> 264.51824
A8: =ROW()-5 -> 3 | B8: A3 | C8: 405912 | D8: 9134097 | E8: 86 | F8: 0.32048611 | G8: 45240 | H8: 45244.6 | I8: 45256.5 | J8: 45253.8 | K8: 45254.3 | L8: =AVERAGE(G8:K8) -> 45249.84 | M8: =VLOOKUP(F8, Base!$A$3:$B$578, 2,TRUE) -> 45100.152 | N8: =M8-45092.7 -> 7.4516987 | O8: =L8-N8 -> 45242.388 | P8: =O8-44936 -> 306.3883
A9: =ROW()-5 -> 4 | B9: A4 | C9: 405685 | D9: 9134110 | E9: 117 | F9: 0.33337963 | G9: 45223.3 | H9: 45230 | I9: 45225.1 | J9: 45236.5 | K9: 45218.2 | L9: =AVERAGE(G9:K9) -> 45226.62 | M9: =VLOOKUP(F9, Base!$A$3:$B$578, 2,TRUE) -> 45104.395 | N9: =M9-45092.7 -> 11.695062 | O9: =L9-N9 -> 45214.925 | P9: =O9-44936 -> 278.92494
A10: =ROW()-5 -> 5 | B10: A5 | C10: 405476 | D10: 9134119 | E10: 125 | F10: 0.34506944 | G10: 45243.9 | H10: 45248.9 | I10: 45263.6 | J10: 45261.6 | K10: 45258 | L10: =AVERAGE(G10:K10) -> 45255.2 | M10: =VLOOKUP(F10, Base!$A$3:$B$578, 2,TRUE) -> 45107.998 | N10: =M10-45092.7 -> 15.298013 | O10: =L10-N10 -> 45239.902 | P10: =O10-44936 -> 303.90199
A11: =ROW()-5 -> 6 | B11: A6 | C11: 405242 | D11: 9134112 | E11: 108 | F11: 0.35543981 | G11: 45165.9 | H11: 45173.3 | I11: 45159 | J11: 45166.5 | K11: 45158.7 | L11: =AVERAGE(G11:K11) -> 45164.68 | M11: =VLOOKUP(F11, Base!$A$3:$B$578, 2,TRUE) -> 45111.303 | N11: =M11-45092.7 -> 18.60326 | O11: =L11-N11 -> 45146.077 | P11: =O11-44936 -> 210.07674
A12: =ROW()-5 -> 7 | B12: A7 | C12: 405019 | D12: 9134118 | E12: 121 | F12: 0.36883102 | G12: 45198.9 | H12: 45205.2 | I12: 45214.2 | J12: 45212.2 | K12: 45210.2 | L12: =AVERAGE(G12:K12) -> 45208.14 | M12: =VLOOKUP(F12, Base!$A$3:$B$578, 2,TRUE) -> 45115.468 | N12: =M12-45092.7 -> 22.767989 | O12: =L12-N12 -> 45185.372 | P12: =O12-44936 -> 249.37201
A13: =ROW()-5 -> 8 | B13: A8 | C13: 404804 | D13: 9134113 | E13: 153 | F13: 0.383125 | G13: 45248.4 | H13: 45239.5 | I13: 45253.2 | J13: 45246.8 | K13: 45248.5 | L13: =AVERAGE(G13:K13) -> 45247.28 | M13: =VLOOKUP(F13, Base!$A$3:$B$578, 2,TRUE) -> 45119.212 | N13: =M13-45092.7 -> 26.511784 | O13: =L13-N13 -> 45220.768 | P13: =O13-44936 -> 284.76822
A14: =ROW()-5 -> 9 | B14: A9 | C14: 404567 | D14: 9134111 | E14: 170 | F14: 0.39833333 | G14: 45217.4 | H14: 45225.8 | I14: 45220.1 | J14: 45221.1 | K14: 45213.8 | L14: =AVERAGE(G14:K14) -> 45219.64 | M14: =VLOOKUP(F14, Base!$A$3:$B$578, 2,TRUE) -> 45122.684 | N14: =M14-45092.7 -> 29.984437 | O14: =L14-N14 -> 45189.656 | P14: =O14-44936 -> 253.65556
A15: =ROW()-5 -> 10 | B15: A10 | C15: 404358 | D15: 9134113 | E15: 151 | F15: 0.41798611 | G15: 45362.2 | H15: 45344.6 | I15: 45352.7 | J15: 45361.1 | K15: 45362 | L15: =AVERAGE(G15:K15) -> 45356.52 | M15: =VLOOKUP(F15, Base!$A$3:$B$578, 2,TRUE) -> 45125.91 | N15: =M15-45092.7 -> 33.209951 | O15: =L15-N15 -> 45323.31 | P15: =O15-44936 -> 387.31005
A16: =ROW()-5 -> 11 | B16: A11 | C16: 404103 | D16: 9134106 | E16: 191 | F16: 0.4324537 | G16: 45290.8 | H16: 45298.2 | I16: 45298.7 | J16: 45290.1 | K16: 45285.1 | L16: =AVERAGE(G16:K16) -> 45292.58 | M16: =VLOOKUP(F16, Base!$A$3:$B$578, 2,TRUE) -> 45127.333 | N16: =M16-45092.7 -> 34.632712 | O16: =L16-N16 -> 45257.947 | P16: =O16-44936 -> 321.94729
A17: =ROW()-5 -> 12 | B17: A12 | C17: 403898 | D17: 9134118 | E17: 162 | F17: 0.44746528 | G17: 45249.1 | H17: 45259.7 | I17: 45268.2 | J17: 45257.5 | K17: 45253.2 | L17: =AVERAGE(G17:K17) -> 45257.54 | M17: =VLOOKUP(F17, Base!$A$3:$B$578, 2,TRUE) -> 45127.838 | N17: =M17-45092.7 -> 35.138125 | O17: =L17-N17 -> 45222.402 | P17: =O17-44936 -> 286.40187
... A27: =ROW()-5 -> 22 | B27: B2 | C27: 402319 | D27: 9133889 | E27: 217 | F27: 0.61877315 | G27: 45809.6 | H27: 45810.5 | I27: 45814.1 | J27: 45808.3 | K27: 45807.1 | L27: =AVERAGE(G27:K27) -> 45809.92 | M27: =VLOOKUP(F27, Base!$A$3:$B$578, 2,TRUE) -> 45083.699 | N27: =M27-45092.7 -> -9.0006504 | O27: =L27-N27 -> 45818.921 | P27: =O27-44936 -> 882.92065

Sheet Base
A1: DUMPING DATA BASE ALAT PPM GEOTRON G5
A2: Time Base | B2: Smoothing
A3: 0.25347222 | B3: 45086.685
A4: 0.25416667 | B4: 45086.693
A5: 0.25486111 | B5: 45086.704
A6: 0.25555556 | B6: 45086.719
A7: 0.25625 | B7: 45086.739
A8: 0.25694444 | B8: 45086.762
A9: 0.25763889 | B9: 45086.789
A10: 0.25833333 | B10: 45086.82
A11: 0.25902778 | B11: 45086.855
A12: 0.25972222 | B12: 45086.893
A13: 0.26041667 | B13: 45086.935
A14: 0.26111111 | B14: 45086.981
... A578: 0.65277778 | B578: 45078.709

Sheet Oasis
A1: Nama Titik | B1: X | C1: Y | D1: Z | E1: Anomali medan magnet Total
A2: A1 | B2: 406371 | C2: 9134060 | D2: 88 | F2: H1 | H2: Hari | I2: IGRF | J2: Baseline | K2: Tanggal | L2: Inklinasi | M2: Deklinasi | N2: Koreksi Inklinasi
A3: A2 | B3: 406127 | C3: 9134092 | D3: 82 | H3: 1 | I3: 44936 | J3: 45092.7 | K3: 45913 | L3: -31.67262 | M3: 0.77712 | N3: =-90-L3 -> -58.32738
A4: A3 | B4: 405912 | C4: 9134097 | D4: 86
A5: A4 | B5: 405685 | C5: 9134110 | D5: 117
A6: A5 | B6: 405476 | C6: 9134119 | D6: 125
A7: A6 | B7: 405242 | C7: 9134112 | D7: 108
A8: A7 | B8: 405019 | C8: 9134118 | D8: 121
A9: A8 | B9: 404804 | C9: 9134113 | D9: 153
A10: A9 | B10: 404567 | C10: 9134111 | D10: 170
A11: A10 | B11: 404358 | C11: 9134113 | D11: 151
A12: A11 | B12: 404103 | C12: 9134106 | D12: 191
A13: A12 | B13: 403898 | C13: 9134118 | D13: 162
A14: A13 | B14: 403672 | C14: 9134111 | D14: 180
A15: A14 | B15: 403457 | C15: 9134111 | D15: 212
... A23: B2 | B23: 402319 | C23: 9133889 | D23: 217
